ID,cnt
13904,301.698744
13905,297.916025
13906,281.825653
13907,298.129165
13908,401.162885
13909,852.097415
13910,853.302501
13911,626.864687
13912,443.744177
13913,315.915672
13914,246.160515
13915,140.089471
13916,49.965277
13917,21.878133
13918,11.974208
13919,8.242113
13920,9.065354
13921,40.931408
13922,175.498344
13923,503.568355
13924,696.207229
13925,349.186626
13926,221.346229
13927,235.780503
13928,296.680677
13929,290.894165
13930,279.430101
13931,299.462072
13932,465.165906
13933,838.590492
13934,834.015139
13935,631.158719
13936,473.784386
13937,363.128410
13938,257.145901
13939,164.389210
13940,67.915601
13941,29.554501
13942,14.654347
13943,9.287751
13944,10.046808
13945,34.312002
13946,180.618265
13947,498.675658
13948,722.411563
13949,361.874436
13950,222.841739
13951,244.515799
13952,315.226374
13953,294.557696
13954,273.996728
13955,293.519587
13956,459.571890
13957,831.075345
13958,818.304748
13959,624.157683
13960,480.550644
13961,354.083291
13962,256.671038
13963,178.840095
13964,91.334816
13965,43.221307
13966,21.774920
13967,11.160110
13968,10.520359
13969,31.998875
13970,99.953287
13971,296.550434
13972,464.471683
13973,355.652638
13974,227.374553
13975,200.400137
13976,337.168845
13977,341.763869
13978,342.423626
13979,348.704861
13980,515.039208
13981,811.048041
13982,725.760791
13983,563.735174
13984,394.114137
13985,326.678896
13986,246.030566
13987,209.720691
13988,157.020041
13989,115.934607
13990,72.530172
13991,31.458255
13992,13.635590
13993,14.717716
13994,36.437822
13995,80.250548
13996,206.161106
13997,292.707548
13998,472.848530
13999,546.193096
14000,606.463973
14001,598.293695
14002,589.568309
14003,597.563985
14004,592.761292
14005,437.048005
14006,445.370701
14007,320.344590
14008,155.780412
14009,253.991779
14010,216.940893
14011,147.071385
14012,146.897395
14013,126.306643
14014,94.366454
14015,44.802468
14016,14.070248
14017,14.699575
14018,29.335611
14019,68.779204
14020,169.464167
14021,262.195074
14022,458.178959
14023,512.619653
14024,615.262922
14025,586.909647
14026,598.019669
14027,581.776279
14028,581.602141
14029,541.646832
14030,509.344408
14031,421.122685
14032,345.474199
14033,273.233440
14034,197.920807
14035,124.444502
14036,56.556302
14037,24.420647
14038,13.803016
14039,8.064859
14040,9.951554
14041,38.844998
14042,167.437581
14043,512.205178
14044,700.382026
14045,355.372869
14046,224.027749
14047,251.002042
14048,312.333387
14049,307.756370
14050,293.019283
14051,305.509289
14052,475.340589
14053,887.681402
14054,862.940353
14055,644.741627
14056,461.719760
14057,332.922548
14058,225.826235
14059,133.020047
14060,50.908051
14061,22.692416
14062,12.170426
14063,8.436566
14064,9.505799
14065,39.643464
14066,119.385322
14067,500.684981
14068,667.911091
14069,361.553552
14070,209.333625
14071,246.543860
14072,317.718865
14073,307.877305
14074,288.963636
14075,307.490879
14076,479.726338
14077,737.703731
14078,870.615681
14079,647.005614
14080,442.111426
14081,365.653027
14082,261.778544
14083,156.910988
14084,59.720458
14085,24.965759
14086,13.110385
14087,9.552377
14088,9.682225
14089,41.934547
14090,186.202912
14091,534.934878
14092,741.243057
14093,372.637476
14094,230.164865
14095,249.616919
14096,326.416555
14097,310.179775
14098,286.432572
14099,313.119840
14100,487.410474
14101,867.827294
14102,879.607516
14103,649.949311
14104,486.623250
14105,375.343125
14106,281.792075
14107,171.825367
14108,69.216275
14109,30.214721
14110,15.787326
14111,9.532299
14112,9.797344
14113,40.089419
14114,179.690313
14115,529.283607
14116,750.474652
14117,384.972107
14118,237.224141
14119,267.500644
14120,331.948476
14121,327.757203
14122,292.970503
14123,321.417644
14124,487.275061
14125,860.588891
14126,844.499824
14127,649.632523
14128,488.194313
14129,378.049323
14130,285.184004
14131,191.688966
14132,83.386524
14133,40.314505
14134,21.068650
14135,11.794732
14136,11.182620
14137,37.135401
14138,138.572183
14139,425.601803
14140,673.175449
14141,374.915134
14142,225.230510
14143,259.546200
14144,327.456798
14145,326.079274
14146,304.990375
14147,314.887103
14148,462.351485
14149,715.728164
14150,621.688711
14151,434.528361
14152,304.542033
14153,216.393060
14154,103.696948
14155,82.574832
14156,131.771046
14157,71.210723
14158,62.251557
14159,34.248373
14160,13.559837
14161,14.466350
14162,36.238836
14163,72.401036
14164,205.104055
14165,301.605682
14166,487.139306
14167,573.587480
14168,648.117191
14169,651.451532
14170,638.138133
14171,639.492692
14172,632.371069
14173,603.455000
14174,552.051249
14175,470.860239
14176,400.823541
14177,318.180632
14178,272.236257
14179,221.846958
14180,164.355118
14181,124.057339
14182,89.462479
14183,44.860582
14184,14.120982
14185,13.851851
14186,27.295876
14187,65.204942
14188,161.177940
14189,247.863851
14190,432.593661
14191,361.173066
14192,366.806666
14193,308.180068
14194,354.939844
14195,524.423367
14196,534.060428
14197,446.742178
14198,406.920850
14199,361.435858
14200,304.979727
14201,149.004339
14202,166.561549
14203,110.365182
14204,49.005018
14205,23.212632
14206,13.359217
14207,8.234187
14208,9.168072
14209,34.402220
14210,159.578243
14211,493.133660
14212,689.629437
14213,351.002967
14214,217.134902
14215,252.758477
14216,311.321779
14217,315.036329
14218,301.225068
14219,318.337420
14220,483.035435
14221,865.228394
14222,698.503775
14223,558.448932
14224,295.386392
14225,266.233527
14226,165.274439
14227,104.918741
14228,45.728399
14229,22.132528
14230,11.493478
14231,7.748528
14232,9.180490
14233,39.830956
14234,177.892774
14235,548.007838
14236,756.872004
14237,378.350689
14238,240.695036
14239,263.729344
14240,350.308552
14241,344.051940
14242,329.975732
14243,344.181494
14244,517.483720
14245,921.333530
14246,915.338760
14247,464.402762
14248,457.379068
14249,346.997923
14250,238.202858
14251,128.678976
14252,54.467361
14253,24.640365
14254,13.021822
14255,8.837780
14256,9.504518
14257,40.491139
14258,183.547385
14259,528.831587
14260,760.237508
14261,382.407729
14262,239.018378
14263,262.963574
14264,338.538922
14265,340.696831
14266,318.759185
14267,338.511793
14268,420.840183
14269,751.580166
14270,740.034847
14271,595.833800
14272,461.524171
14273,351.369730
14274,264.213778
14275,141.416904
14276,69.286521
14277,29.622773
14278,14.475292
14279,9.315912
14280,9.420494
14281,37.791476
14282,159.040527
14283,489.638825
14284,738.459767
14285,372.229562
14286,238.064002
14287,276.369688
14288,350.446532
14289,333.859749
14290,308.819609
14291,331.476806
14292,505.043681
14293,907.001215
14294,896.521261
14295,653.223335
14296,479.785450
14297,373.727985
14298,273.462115
14299,177.536759
14300,85.363560
14301,39.978999
14302,21.318627
14303,11.560056
14304,11.301780
14305,39.067950
14306,141.594229
14307,454.887941
14308,710.414515
14309,391.936139
14310,275.544344
14311,329.284538
14312,390.488078
14313,378.573871
14314,377.810497
14315,392.114424
14316,545.038384
14317,843.730927
14318,729.945014
14319,571.332389
14320,401.528004
14321,331.664780
14322,265.051463
14323,211.361494
14324,151.586009
14325,114.070286
14326,85.965105
14327,38.860333
14328,14.564700
14329,14.769637
14330,38.608569
14331,77.182201
14332,198.148021
14333,283.407980
14334,444.861631
14335,539.708936
14336,463.777191
14337,609.615051
14338,479.030241
14339,485.506083
14340,503.889941
14341,482.196568
14342,391.595924
14343,347.567442
14344,153.830735
14345,197.940014
14346,169.058113
14347,152.079007
14348,139.119042
14349,121.910224
14350,84.188789
14351,38.676249
14352,12.626292
14353,12.948323
14354,22.399421
14355,58.530531
14356,145.813797
14357,236.119152
14358,397.097882
14359,457.281983
14360,350.096314
14361,284.392199
14362,385.377961
14363,200.913212
14364,192.887147
14365,323.676692
14366,299.815052
14367,258.097304
14368,248.503599
14369,228.545883
14370,145.215484
14371,102.637911
14372,46.166934
14373,21.132232
14374,12.638122
14375,7.255423
14376,8.346982
14377,33.578347
14378,142.084232
14379,456.521692
14380,642.093219
14381,346.420363
14382,210.577404
14383,232.774240
14384,299.483411
14385,305.060646
14386,287.872987
14387,300.203511
14388,465.410688
14389,895.828518
14390,877.693757
14391,605.874971
14392,432.539055
14393,309.736794
14394,194.269647
14395,127.392839
14396,47.881645
14397,23.633774
14398,12.268703
14399,9.061409
14400,9.093312
14401,37.095800
14402,180.124239
14403,498.544787
14404,677.900655
14405,364.127075
14406,226.983243
14407,244.839179
14408,312.825397
14409,316.631583
14410,297.271863
14411,334.675465
14412,518.123951
14413,965.279680
14414,934.127003
14415,691.067479
14416,501.466103
14417,380.286556
14418,264.884951
14419,158.731538
14420,56.516215
14421,25.348014
14422,13.290490
14423,8.909764
14424,8.942385
14425,39.435650
14426,179.133583
14427,533.246698
14428,751.598844
14429,386.125455
14430,239.994695
14431,270.471693
14432,342.836242
14433,336.505036
14434,316.143412
14435,336.120016
14436,506.805872
14437,923.415165
14438,917.338751
14439,661.849788
14440,480.860818
14441,381.197366
14442,280.444518
14443,170.043496
14444,69.525422
14445,31.403273
14446,14.883776
14447,9.323268
14448,9.652861
14449,38.888581
14450,166.209595
14451,522.990926
14452,744.895331
14453,381.357941
14454,239.251108
14455,278.181063
14456,348.958099
14457,342.058402
14458,314.410887
14459,322.480328
14460,490.430843
14461,898.413587
14462,892.123014
14463,671.966336
14464,479.112254
14465,367.541599
14466,259.882421
14467,175.258428
14468,83.772966
14469,39.733691
14470,21.662832
14471,13.251870
14472,11.095916
14473,38.943136
14474,141.828803
14475,408.816923
14476,685.127972
14477,369.777446
14478,261.938503
14479,323.226341
14480,387.243857
14481,373.665465
14482,366.376833
14483,365.754234
14484,517.329443
14485,799.624652
14486,745.131619
14487,580.444353
14488,409.093508
14489,334.651213
14490,271.084670
14491,221.354860
14492,168.315056
14493,116.317271
14494,89.762637
14495,40.926841
14496,14.009487
14497,15.050657
14498,38.597501
14499,87.347478
14500,215.814134
14501,309.363667
14502,462.159495
14503,543.076901
14504,595.105434
14505,586.271395
14506,574.593784
14507,581.623828
14508,568.319789
14509,549.468289
14510,496.914136
14511,312.844780
14512,265.818219
14513,116.059762
14514,201.859647
14515,206.154907
14516,131.556563
14517,116.007573
14518,86.221087
14519,42.047795
14520,13.031964
14521,12.532510
14522,22.486003
14523,55.303913
14524,145.160093
14525,210.196773
14526,360.472910
14527,441.473032
14528,341.507066
14529,329.619417
14530,288.272639
14531,383.212110
14532,516.541586
14533,532.156676
14534,434.517650
14535,273.229060
14536,258.124996
14537,273.504517
14538,117.607674
14539,76.809933
14540,76.213872
14541,70.650617
14542,47.997893
14543,23.085245
14544,11.603218
14545,14.140404
14546,35.036768
14547,92.581136
14548,195.964198
14549,236.715570
14550,400.437233
14551,435.367878
14552,550.130912
14553,545.613845
14554,501.584973
14555,534.838560
14556,546.353161
14557,580.962330
14558,585.253385
14559,470.273340
14560,387.322018
14561,318.137824
14562,186.601110
14563,109.614268
14564,41.243891
14565,22.032661
14566,12.104527
14567,7.643282
14568,8.897635
14569,36.220986
14570,172.043072
14571,502.732790
14572,698.757343
14573,348.371121
14574,219.999169
14575,232.817908
14576,283.713928
14577,302.446639
14578,289.564377
14579,303.360482
14580,451.124640
14581,821.816620
14582,811.780641
14583,643.239603
14584,457.432863
14585,339.868894
14586,249.331457
14587,147.708210
14588,50.274057
14589,21.414655
14590,11.882696
14591,8.693016
14592,9.345375
14593,37.151713
14594,171.139953
14595,493.283927
14596,738.121896
14597,360.514847
14598,219.572010
14599,246.415629
14600,260.848243
14601,295.605700
14602,281.171600
14603,283.152124
14604,439.547855
14605,850.682972
14606,793.732600
14607,635.675988
14608,380.884175
14609,323.621639
14610,242.951955
14611,150.923438
14612,53.502914
14613,25.260123
14614,13.205612
14615,9.311537
14616,9.338066
14617,36.709081
14618,164.347325
14619,492.619397
14620,515.186725
14621,254.925664
14622,120.694001
14623,154.997692
14624,251.709165
14625,219.313593
14626,241.440152
14627,313.049152
14628,445.347107
14629,781.638637
14630,787.178505
14631,605.404321
14632,417.491891
14633,267.027485
14634,202.304049
14635,144.697840
14636,65.240585
14637,34.624886
14638,19.250433
14639,10.782564
14640,10.083107
14641,35.048938
14642,147.167841
14643,453.825488
14644,714.044330
14645,390.889863
14646,252.527445
14647,310.544837
14648,356.377010
14649,349.384339
14650,339.431877
14651,363.838237
14652,512.921533
14653,794.485264
14654,720.679538
14655,557.125862
14656,409.790115
14657,326.201292
14658,260.160794
14659,185.623900
14660,133.434283
14661,93.739428
14662,69.046875
14663,33.872498
14664,11.825340
14665,12.573544
14666,31.533840
14667,72.660033
14668,192.310568
14669,284.862312
14670,416.153586
14671,494.822407
14672,541.491594
14673,535.021453
14674,542.276557
14675,240.999207
14676,255.625216
14677,286.802024
14678,258.353785
14679,177.774615
14680,252.406357
14681,235.496445
14682,191.593457
14683,179.295659
14684,136.772324
14685,117.375337
14686,85.534928
14687,43.889249
14688,12.791841
14689,13.793669
14690,27.360786
14691,67.250130
14692,150.023792
14693,258.003117
14694,455.964608
14695,528.723442
14696,630.911216
14697,631.860844
14698,657.451588
14699,628.298047
14700,620.063893
14701,595.448490
14702,539.840311
14703,436.719804
14704,337.940075
14705,263.391724
14706,175.123298
14707,105.740724
14708,48.341973
14709,22.175521
14710,12.678850
14711,8.126384
14712,9.015209
14713,36.026456
14714,168.454351
14715,502.720067
14716,695.963380
14717,372.800061
14718,228.342285
14719,254.313914
14720,330.014544
14721,328.627646
14722,318.645296
14723,351.902121
14724,518.688208
14725,946.280231
14726,884.117009
14727,656.597449
14728,473.796954
14729,314.219653
14730,210.742166
14731,120.832477
14732,45.149649
14733,19.803579
14734,11.854080
14735,8.502653
14736,9.226123
14737,40.513350
14738,179.582736
14739,549.572273
14740,757.897337
14741,391.295443
14742,250.440029
14743,286.091356
14744,358.476289
14745,378.392884
14746,367.023888
14747,387.460448
14748,561.785474
14749,1025.575970
14750,952.275537
14751,667.274117
14752,445.299874
14753,345.884174
14754,240.838335
14755,139.305933
14756,50.101456
14757,22.298555
14758,11.963225
14759,8.790623
14760,9.103613
14761,40.436169
14762,181.556690
14763,535.766293
14764,760.769651
14765,386.867720
14766,235.935616
14767,266.969250
14768,355.005433
14769,355.621680
14770,316.861286
14771,342.305943
14772,512.696603
14773,939.702735
14774,922.206076
14775,661.345454
14776,481.472382
14777,366.519138
14778,253.234164
14779,150.773407
14780,62.098245
14781,28.241949
14782,13.525707
14783,9.119651
14784,9.537911
14785,38.694357
14786,170.192259
14787,521.245519
14788,729.672051
14789,386.324300
14790,243.860299
14791,273.063759
14792,357.681343
14793,345.818498
14794,317.418775
14795,345.535343
14796,511.739628
14797,923.479359
14798,871.123353
14799,640.141256
14800,452.180721
14801,360.551110
14802,260.674605
14803,164.564191
14804,79.274040
14805,38.205080
14806,19.353287
14807,11.251304
14808,11.236592
14809,38.412186
14810,151.720027
14811,429.664340
14812,715.778893
14813,385.776317
14814,269.129402
14815,322.890922
14816,380.692943
14817,376.444712
14818,370.456402
14819,391.546871
14820,530.606238
14821,876.554385
14822,794.861947
14823,607.536211
14824,427.387186
14825,321.655003
14826,223.772192
14827,215.257743
14828,151.671357
14829,110.099480
14830,88.986623
14831,36.201964
14832,12.717586
14833,14.116586
14834,36.338995
14835,83.699667
14836,204.141672
14837,318.575488
14838,486.882514
14839,609.810015
14840,689.854024
14841,685.363230
14842,687.257943
14843,669.879409
14844,658.175487
14845,628.135380
14846,542.000771
14847,468.924133
14848,392.703878
14849,299.938901
14850,252.080096
14851,202.279220
14852,150.464621
14853,122.837514
14854,93.512799
14855,45.746607
14856,13.964366
14857,13.710286
14858,27.646524
14859,65.729090
14860,162.632675
14861,257.789939
14862,469.301941
14863,535.997925
14864,653.801518
14865,637.316045
14866,633.905117
14867,610.800587
14868,613.764972
14869,606.307120
14870,513.186506
14871,420.540272
14872,349.726257
14873,272.347220
14874,173.989756
14875,109.746359
14876,50.245140
14877,22.139415
14878,12.569897
14879,8.482227
14880,9.479526
14881,39.044059
14882,165.567615
14883,509.049797
14884,709.401428
14885,369.695906
14886,221.127820
14887,228.205790
14888,284.401321
14889,306.201598
14890,274.307146
14891,292.468039
14892,430.152182
14893,840.216665
14894,791.565915
14895,606.795534
14896,421.663712
14897,171.078191
14898,121.120990
14899,70.523446
14900,27.477956
14901,15.016714
14902,9.324970
14903,7.703542
14904,8.256898
14905,33.744741
14906,139.607981
14907,446.539930
14908,652.789463
14909,309.089136
14910,134.039402
14911,199.232363
14912,160.046234
14913,276.778886
14914,91.938245
14915,135.017024
14916,244.491435
14917,466.188809
14918,606.951574
14919,435.994692
14920,328.695983
14921,254.892573
14922,124.273918
14923,116.638155
14924,46.734236
14925,21.352428
14926,11.881166
14927,8.752710
14928,9.007396
14929,36.550182
14930,183.331019
14931,542.265444
14932,759.509838
14933,379.369260
14934,229.962310
14935,268.340114
14936,340.615566
14937,336.391224
14938,312.322568
14939,343.814330
14940,508.662870
14941,915.489778
14942,867.667841
14943,634.874536
14944,444.622985
14945,325.864654
14946,237.299366
14947,139.139214
14948,64.166131
14949,30.127947
14950,15.476442
14951,9.508569
14952,9.841942
14953,40.585864
14954,175.714736
14955,538.130986
14956,786.952212
14957,399.048125
14958,244.126145
14959,282.426876
14960,358.833064
14961,356.775214
14962,321.945095
14963,354.255780
14964,519.972631
14965,924.633985
14966,885.151584
14967,627.857068
14968,452.392112
14969,357.840782
14970,257.598649
14971,173.587682
14972,82.935804
14973,39.667770
14974,21.039564
14975,11.813617
14976,11.258365
14977,38.578862
14978,163.949964
14979,487.159103
14980,774.827217
14981,417.112528
14982,283.120826
14983,346.268226
14984,411.614207
14985,406.422891
14986,384.655203
14987,415.050146
14988,573.433321
14989,906.891001
14990,794.281626
14991,605.874089
14992,414.415001
14993,324.934742
14994,269.792422
14995,204.330082
14996,145.824957
14997,105.358477
14998,75.307383
14999,33.782645
15000,12.637068
15001,13.524518
15002,34.156463
15003,80.029749
15004,202.306358
15005,311.938663
15006,468.359403
15007,594.175940
15008,656.488847
15009,647.010400
15010,661.134302
15011,666.269427
15012,662.105762
15013,640.787948
15014,575.510118
15015,498.657134
15016,416.969561
15017,338.489693
15018,283.522173
15019,230.039884
15020,166.163718
15021,124.887606
15022,95.861495
15023,43.633984
15024,13.837777
15025,13.533874
15026,26.642285
15027,69.626543
15028,158.951617
15029,256.578342
15030,468.489463
15031,518.903975
15032,637.369208
15033,647.511696
15034,638.994479
15035,617.569488
15036,617.960599
15037,552.773611
15038,488.140386
15039,369.815295
15040,308.557166
15041,234.236692
15042,175.232749
15043,102.685720
15044,50.755208
15045,23.154170
15046,13.985900
15047,9.209544
15048,9.948665
15049,39.056626
15050,174.410699
15051,531.965273
15052,760.211652
15053,391.794291
15054,233.850894
15055,261.150653
15056,329.025923
15057,340.204299
15058,327.583435
15059,349.463572
15060,500.809770
15061,900.128252
15062,851.826372
15063,633.722733
15064,423.617049
15065,300.518299
15066,200.522958
15067,113.194810
15068,47.678398
15069,21.558140
15070,11.483377
15071,8.092619
15072,9.086569
15073,39.363952
15074,173.914878
15075,536.501001
15076,789.973593
15077,398.345283
15078,237.035071
15079,270.100889
15080,341.527253
15081,341.453521
15082,331.607895
15083,360.906117
15084,537.768892
15085,980.576294
15086,944.611949
15087,667.426039
15088,479.566982
15089,366.995760
15090,265.121957
15091,156.666459
15092,52.041295
15093,23.161806
15094,12.774183
15095,9.157729
15096,9.396999
15097,39.279804
15098,190.362955
15099,555.597280
15100,721.769452
15101,404.793318
15102,231.706903
15103,273.437886
15104,347.690357
15105,338.300667
15106,315.894856
15107,342.725700
15108,517.720460
15109,939.065185
15110,941.472520
15111,695.174057
15112,484.352954
15113,387.397607
15114,176.263638
15115,135.582374
15116,61.715066
15117,28.091856
15118,14.253223
15119,9.317992
15120,9.793701
15121,36.439093
15122,162.205836
15123,510.207407
15124,728.456429
15125,387.525774
15126,245.776055
15127,269.004563
15128,332.480141
15129,322.399828
15130,300.468202
15131,322.682915
15132,456.028001
15133,777.646243
15134,798.293984
15135,651.278744
15136,416.908253
15137,159.461422
15138,120.706932
15139,92.562484
15140,59.627589
15141,31.611935
15142,15.677561
15143,11.413702
15144,10.394231
15145,34.952223
15146,132.882042
15147,406.153889
15148,683.684124
15149,373.997989
15150,250.911184
15151,301.429869
15152,384.082687
15153,380.672197
15154,366.663826
15155,387.069619
15156,544.197627
15157,860.900028
15158,755.955396
15159,533.077700
15160,328.924569
15161,259.631354
15162,237.827442
15163,185.127925
15164,146.202799
15165,108.272179
15166,78.651053
15167,33.168649
15168,12.761751
15169,13.072123
15170,34.590426
15171,75.583485
15172,186.032773
15173,281.077181
15174,444.780471
15175,530.714821
15176,625.079119
15177,617.161484
15178,614.628203
15179,618.569898
15180,609.224010
15181,593.783952
15182,492.692171
15183,395.266169
15184,322.195834
15185,280.650540
15186,218.355818
15187,178.681097
15188,146.499151
15189,120.401677
15190,87.087126
15191,42.587478
15192,13.560417
15193,13.136985
15194,26.942426
15195,64.421395
15196,160.489161
15197,255.610586
15198,465.191937
15199,530.653450
15200,634.127279
15201,621.643175
15202,608.363822
15203,614.037357
15204,616.015622
15205,579.266093
15206,444.684197
15207,200.570762
15208,163.832405
15209,217.141043
15210,148.472520
15211,95.207252
15212,48.499384
15213,20.851371
15214,11.665805
15215,8.065055
15216,8.936006
15217,36.970579
15218,162.705182
15219,491.429682
15220,692.165885
15221,360.703992
15222,228.413505
15223,248.935539
15224,319.106701
15225,311.540038
15226,297.853970
15227,307.791941
15228,462.903667
15229,704.829243
15230,615.362803
15231,555.167207
15232,262.233753
15233,272.509016
15234,121.531049
15235,85.189574
15236,42.497653
15237,20.432915
15238,11.471694
15239,7.672944
15240,9.695763
15241,37.867435
15242,136.118397
15243,380.922071
15244,546.441379
15245,306.884662
15246,149.757660
15247,132.879265
15248,223.365674
15249,220.151141
15250,150.547357
15251,184.982502
15252,306.179917
15253,516.410103
15254,430.665769
15255,360.419417
15256,198.396777
15257,147.484386
15258,171.539668
15259,118.689555
15260,32.604385
15261,19.673809
15262,10.948235
15263,8.677184
15264,8.610688
15265,36.454699
15266,161.042724
15267,453.624107
15268,726.067730
15269,372.271251
15270,239.657558
15271,260.185858
15272,317.468617
15273,296.154741
15274,284.607158
15275,317.627553
15276,475.008715
15277,906.701741
15278,885.656627
15279,658.413810
15280,479.860500
15281,344.202261
15282,269.240561
15283,157.087463
15284,44.750482
15285,24.764567
15286,13.099003
15287,9.385464
15288,10.153273
15289,35.516862
15290,119.629789
15291,519.905078
15292,742.177219
15293,379.974965
15294,229.332886
15295,262.939993
15296,337.025556
15297,311.315027
15298,304.855949
15299,333.256960
15300,501.206799
15301,923.385034
15302,887.802310
15303,652.213762
15304,463.123417
15305,345.193218
15306,276.524214
15307,184.587661
15308,80.439028
15309,39.792559
15310,20.461759
15311,11.767497
15312,11.579691
15313,38.516623
15314,163.319443
15315,487.985613
15316,760.255317
15317,420.697722
15318,295.547568
15319,348.483738
15320,414.806574
15321,411.072429
15322,388.372900
15323,416.537416
15324,575.282760
15325,943.624195
15326,787.908886
15327,560.792122
15328,355.969201
15329,315.828955
15330,248.352607
15331,187.231164
15332,143.971778
15333,101.381919
15334,80.798186
15335,34.685981
15336,12.795470
15337,14.192310
15338,34.990222
15339,77.549558
15340,200.990732
15341,315.248716
15342,464.194465
15343,588.914741
15344,681.940339
15345,522.819241
15346,573.054507
15347,629.857385
15348,607.461384
15349,550.761043
15350,480.091384
15351,373.354132
15352,296.996068
15353,246.812707
15354,206.227356
15355,173.255774
15356,139.107336
15357,112.412526
15358,78.916699
15359,41.822804
15360,13.838569
15361,14.229602
15362,29.116382
15363,56.284569
15364,99.651277
15365,146.936421
15366,385.733611
15367,415.910732
15368,474.952102
15369,476.616865
15370,473.430210
15371,270.933436
15372,251.507447
15373,213.034114
15374,192.389511
15375,220.094903
15376,204.489703
15377,155.587597
15378,115.474448
15379,81.225760
15380,62.102847
15381,39.803049
15382,25.336634
15383,16.480291
15384,11.669830
15385,15.243447
15386,39.841919
15387,102.993513
15388,201.404867
15389,235.686340
15390,318.706239
15391,347.502075
15392,455.711811
15393,446.060331
15394,430.334921
15395,305.941319
15396,306.191317
15397,420.562532
15398,377.558037
15399,263.278746
15400,161.484255
15401,194.671275
15402,94.752469
15403,88.606607
15404,32.821282
15405,11.332711
15406,7.133096
15407,5.684500
15408,8.005705
15409,37.902768
15410,141.793959
15411,456.493570
15412,713.126121
15413,365.515378
15414,197.513289
15415,237.798382
15416,288.810765
15417,290.929165
15418,281.340370
15419,296.609354
15420,430.117046
15421,803.385456
15422,737.627261
15423,554.786726
15424,382.120419
15425,278.593837
15426,196.516204
15427,122.971374
15428,42.173403
15429,19.723763
15430,10.594976
15431,8.388432
15432,9.150057
15433,37.963546
15434,167.577989
15435,531.701993
15436,785.526657
15437,392.772973
15438,236.283978
15439,261.037339
15440,327.344679
15441,322.863722
15442,316.209481
15443,337.779107
15444,499.009823
15445,858.302523
15446,774.827441
15447,502.828761
15448,386.448398
15449,303.326375
15450,205.449669
15451,125.643447
15452,63.578870
15453,29.146700
15454,13.400794
15455,8.788100
15456,8.620091
15457,37.232650
15458,161.774428
15459,448.731602
15460,699.845075
15461,385.892196
15462,221.407615
15463,252.628121
15464,316.876906
15465,329.517957
15466,305.980622
15467,319.809788
15468,457.291185
15469,803.542528
15470,728.984845
15471,520.197166
15472,343.454184
15473,276.773821
15474,185.127416
15475,138.998587
15476,71.592910
15477,34.016700
15478,17.780348
15479,10.068923
15480,9.872954
15481,35.378633
15482,125.187743
15483,405.695844
15484,715.513994
15485,425.142348
15486,274.616348
15487,317.555207
15488,369.456532
15489,371.439283
15490,352.819298
15491,350.694070
15492,474.854439
15493,727.046272
15494,606.553648
15495,459.171403
15496,297.255074
15497,225.619901
15498,173.571406
15499,138.333162
15500,108.195679
15501,78.142748
15502,56.736375
15503,27.835330
15504,11.311650
15505,11.725945
15506,30.123030
15507,64.764381
15508,166.929500
15509,243.136306
15510,369.833591
15511,480.446413
15512,536.393144
15513,547.182683
15514,588.492342
15515,588.822320
15516,575.994411
15517,487.992360
15518,429.127267
15519,324.609910
15520,228.134856
15521,200.597762
15522,175.517152
15523,149.859643
15524,117.611775
15525,95.982180
15526,75.633523
15527,36.618699
15528,11.917578
15529,12.010683
15530,24.531092
15531,57.457938
15532,139.235682
15533,223.561709
15534,452.010099
15535,492.901950
15536,621.422840
15537,623.232852
15538,619.919583
15539,597.395275
15540,597.497006
15541,578.831368
15542,449.254421
15543,336.854971
15544,271.103653
15545,208.614284
15546,150.487072
15547,95.805350
15548,43.013206
15549,20.160766
15550,12.311214
15551,7.884654
15552,9.746920
15553,33.533245
15554,147.368206
15555,462.579499
15556,669.239610
15557,286.823706
15558,213.513322
15559,221.177966
15560,182.951422
15561,202.615909
15562,236.686837
15563,276.030517
15564,443.462055
15565,817.390829
15566,525.243853
15567,351.675530
15568,335.735925
15569,285.309624
15570,185.764649
15571,104.495658
15572,43.097378
15573,20.471428
15574,11.836439
15575,7.823645
15576,8.986235
15577,37.211169
15578,176.438867
15579,529.075699
15580,755.314500
15581,391.806907
15582,238.425343
15583,251.328511
15584,302.818424
15585,313.936549
15586,299.732528
15587,318.208376
15588,481.225365
15589,868.161456
15590,813.924176
15591,578.710118
15592,372.662102
15593,292.094948
15594,173.395986
15595,107.430782
15596,39.920661
15597,18.056000
15598,10.326633
15599,7.468502
15600,8.306369
15601,36.038442
15602,156.817230
15603,462.941517
15604,683.685718
15605,366.540503
15606,208.845644
15607,243.184159
15608,310.731801
15609,300.741676
15610,285.923805
15611,305.683218
15612,468.031311
15613,837.298484
15614,786.554428
15615,544.850804
15616,394.420167
15617,257.408846
15618,162.053714
15619,111.890528
15620,52.784289
15621,25.984433
15622,13.143145
15623,8.443805
15624,8.968750
15625,35.324957
15626,144.513869
15627,452.772573
15628,667.060683
15629,374.480081
15630,219.145043
15631,246.950422
15632,328.768303
15633,324.055889
15634,288.004353
15635,305.390649
15636,476.648457
15637,733.132744
15638,675.208315
15639,491.505653
15640,374.244300
15641,277.350254
15642,189.594980
15643,136.757198
15644,69.511280
15645,26.246219
15646,16.864454
15647,10.529755
15648,10.614635
15649,33.253125
15650,87.422529
15651,262.472748
15652,635.768767
15653,352.214982
15654,223.692575
15655,272.847468
15656,366.929006
15657,345.500769
15658,364.083566
15659,361.589689
15660,350.555215
15661,550.426165
15662,597.934413
15663,410.335139
15664,327.125590
15665,266.547379
15666,215.183144
15667,163.859150
15668,135.975025
15669,106.521483
15670,71.994142
15671,32.394316
15672,12.984915
15673,12.575395
15674,33.886910
15675,74.339709
15676,201.794540
15677,304.596659
15678,476.678647
15679,558.657848
15680,632.824202
15681,626.898160
15682,621.763362
15683,618.557782
15684,596.716605
15685,567.987840
15686,485.247250
15687,384.334340
15688,302.779598
15689,236.672704
15690,201.086844
15691,164.035297
15692,137.073214
15693,102.518982
15694,76.892995
15695,39.084094
15696,12.340178
15697,12.220576
15698,24.284539
15699,58.613196
15700,144.313401
15701,244.794641
15702,453.706286
15703,508.314215
15704,611.899996
15705,604.936657
15706,599.319533
15707,573.343866
15708,562.783319
15709,526.282797
15710,455.657888
15711,327.217001
15712,267.838832
15713,192.681642
15714,134.423973
15715,88.422087
15716,42.245508
15717,19.316420
15718,10.612155
15719,7.521646
15720,8.763117
15721,35.859855
15722,143.047286
15723,457.957887
15724,720.719347
15725,383.837058
15726,229.085118
15727,254.888641
15728,329.977012
15729,334.304746
15730,315.162671
15731,342.681018
15732,498.137230
15733,919.005507
15734,797.796627
15735,578.362065
15736,391.237050
15737,277.934048
15738,159.835870
15739,100.710064
15740,40.872940
15741,20.766639
15742,11.420575
15743,8.276979
15744,8.727269
15745,37.962631
15746,155.329049
15747,505.047284
15748,738.313628
15749,382.361255
15750,234.606021
15751,263.187312
15752,322.750634
15753,322.784748
15754,326.430248
15755,345.989363
15756,527.644359
15757,959.200111
15758,879.873108
15759,639.466521
15760,433.535723
15761,329.225154
15762,232.832562
15763,134.172280
15764,49.362089
15765,22.191196
15766,11.956119
15767,8.448389
15768,8.951237
15769,35.287792
15770,168.915856
15771,481.344634
15772,697.812249
15773,361.683896
15774,210.636075
15775,247.398262
15776,329.194168
15777,325.632285
15778,324.225073
15779,343.267178
15780,514.406265
15781,897.784654
15782,873.059205
15783,602.914725
15784,433.237785
15785,334.912805
15786,251.971071
15787,135.884402
15788,59.468762
15789,26.762549
15790,12.656958
15791,8.522091
15792,8.707531
15793,31.691694
15794,142.081063
15795,437.264393
15796,670.285484
15797,346.953867
15798,199.309193
15799,207.732891
15800,268.676355
15801,243.918153
15802,268.785227
15803,309.232764
15804,443.907279
15805,788.261406
15806,626.946735
15807,465.677602
15808,294.836227
15809,231.403262
15810,187.729822
15811,130.374913
15812,66.694954
15813,31.926985
15814,17.056609
15815,10.125241
15816,9.997014
15817,31.494008
15818,128.780993
15819,410.671498
15820,645.118542
15821,361.794066
15822,214.981537
15823,264.346676
15824,321.593336
15825,322.939097
15826,342.676689
15827,361.398117
15828,449.262699
15829,669.897187
15830,583.945096
15831,409.643893
15832,275.056377
15833,255.706230
15834,185.839930
15835,172.913431
15836,115.641885
15837,83.409568
15838,58.107760
15839,28.044578
15840,10.427745
15841,10.887777
15842,28.558739
15843,68.345802
15844,174.825853
15845,245.647884
15846,395.199776
15847,507.736654
15848,618.819632
15849,623.977907
15850,610.136828
15851,524.237888
15852,489.421763
15853,457.756246
15854,405.045347
15855,311.690404
15856,262.441941
15857,224.166850
15858,184.253764
15859,143.894357
15860,86.020147
15861,97.779283
15862,71.530771
15863,34.318680
15864,11.158039
15865,11.119179
15866,20.971828
15867,54.712832
15868,117.446697
15869,216.724968
15870,381.348079
15871,432.117278
15872,414.687627
15873,443.920282
15874,430.203662
15875,340.130699
15876,200.050219
15877,136.125380
15878,71.724590
15879,64.884938
15880,56.068086
15881,55.097333
15882,47.658369
15883,35.868876
15884,9.314262
15885,49.666381
15886,47.263995
15887,49.939824
15888,95.751359
15889,161.498334
15890,178.179090
15891,260.454773
15892,103.520240
15893,79.111051
15894,64.107324
15895,42.739397
15896,29.669064
15897,14.566215
15898,8.488191
15899,6.770472
15900,6.469525
15901,26.976420
15902,126.249313
15903,376.648236
15904,625.669290
15905,339.436875
15906,169.111474
15907,189.361639
15908,263.835853
15909,275.516191
15910,241.332337
15911,274.371820
15912,399.365851
15913,636.165854
15914,610.912313
15915,449.999823
15916,297.498596
15917,236.806672
15918,168.511818
15919,103.968186
15920,46.407650
15921,20.133595
15922,11.229254
15923,8.108838
15924,8.301439
15925,31.841825
15926,149.034868
15927,453.153084
15928,684.079201
15929,262.134717
15930,128.963361
15931,137.694447
15932,162.643823
15933,247.389531
15934,224.753981
15935,240.376268
15936,377.672657
15937,471.378347
15938,586.463254
15939,432.435798
15940,272.380971
15941,222.548373
15942,168.356426
15943,114.505488
15944,55.610214
15945,26.788673
15946,15.864444
15947,9.057581
15948,9.183050
15949,29.803255
15950,123.612512
15951,380.047890
15952,653.380919
15953,385.736450
15954,226.487641
15955,284.798813
15956,331.701075
15957,299.537040
15958,265.373769
15959,284.650256
15960,433.935482
15961,617.991238
15962,508.682191
15963,389.441164
15964,211.211687
15965,182.227516
15966,157.986991
15967,121.826554
15968,96.261503
15969,69.355825
15970,52.426404
15971,25.919294
15972,10.791170
15973,11.356284
15974,28.048418
15975,60.141046
15976,152.472752
15977,217.343872
15978,322.814305
15979,360.082147
15980,356.412784
15981,392.723279
15982,385.021225
15983,354.319643
15984,367.282206
15985,331.212536
15986,287.132720
15987,260.996808
15988,201.293726
15989,185.832245
15990,154.572412
15991,127.245254
15992,97.999056
15993,81.748708
15994,58.577585
15995,32.072808
15996,11.362288
15997,10.855958
15998,20.693838
15999,44.322394
16000,114.536173
16001,202.652800
16002,320.159152
16003,380.202105
16004,447.451906
16005,459.650573
16006,449.992462
16007,430.837065
16008,410.599794
16009,353.778660
16010,295.324844
16011,209.006081
16012,155.157722
16013,121.752163
16014,92.783991
16015,66.093474
16016,31.206073
16017,15.466157
16018,10.077409
16019,7.080997
16020,8.186639
16021,26.923880
16022,124.125848
16023,411.527533
16024,604.936969
16025,333.898664
16026,171.943862
16027,191.290169
16028,239.474366
16029,235.227174
16030,237.849215
16031,246.440895
16032,381.445608
16033,601.336314
16034,580.300247
16035,436.412093
16036,258.234912
16037,174.569486
16038,118.495072
16039,75.327312
16040,29.400117
16041,14.117277
16042,8.460753
16043,6.508081
16044,7.046482
16045,27.334482
16046,120.284475
16047,417.937331
16048,620.177316
16049,356.656738
16050,175.623198
16051,199.093969
16052,242.912748
16053,242.789558
16054,236.393594
16055,231.599429
16056,394.604996
16057,598.124087
16058,559.222231
16059,421.639840
16060,259.167733
16061,183.021114
16062,130.211698
16063,88.667553
16064,31.327632
16065,14.885316
16066,8.960631
16067,6.751261
16068,7.338058
16069,28.738458
16070,124.698337
16071,403.069206
16072,611.793535
16073,337.925853
16074,158.599519
16075,173.351343
16076,216.478719
16077,210.693576
16078,184.327253
16079,201.273148
16080,327.654684
16081,499.388198
16082,485.094921
16083,372.804452
16084,244.703387
16085,185.200970
16086,98.099666
16087,63.561677
16088,31.870519
16089,15.793355
16090,10.870707
16091,8.339827
16092,31.392521
16093,141.579604
16094,442.477402
16095,669.470268
16096,369.478555
16097,180.413380
16098,201.678694
16099,265.769761
16100,279.692991
16101,253.618905
16102,270.899569
16103,384.102288
16104,626.189912
16105,597.510745
16106,433.513301
16107,279.814067
16108,211.884649
16109,148.979006
16110,102.641840
16111,53.112631
16112,24.791147
16113,15.236125
16114,8.522214
16115,8.743850
16116,30.559732
16117,108.754316
16118,381.125286
16119,639.796782
16120,355.885497
16121,205.651411
16122,258.766848
16123,335.128228
16124,340.854956
16125,331.457514
16126,344.388432
16127,482.731519
16128,703.811909
16129,598.937429
16130,390.347066
16131,248.318694
16132,205.819880
16133,160.807630
16134,125.012994
16135,91.812416
16136,72.104522
16137,51.963178
16138,26.602560
16139,10.619829
16140,11.518305
16141,24.160395
16142,55.209289
16143,167.227867
16144,244.062203
16145,362.354264
16146,428.843083
16147,599.351193
16148,622.159024
16149,616.621945
16150,600.145797
16151,592.143210
16152,516.579731
16153,388.696646
16154,327.097607
16155,254.232287
16156,197.998245
16157,164.232009
16158,133.033982
16159,89.038507
16160,81.238805
16161,57.680536
16162,32.622090
16163,11.334174
16164,10.442272
16165,19.211233
16166,49.371852
16167,115.816960
16168,205.653202
16169,341.428575
16170,448.928008
16171,578.050760
16172,586.691123
16173,606.212817
16174,548.869885
16175,525.433422
16176,473.690052
16177,400.979245
16178,290.637661
16179,222.628873
16180,177.698117
16181,124.271702
16182,81.864411
16183,62.270625
16184,47.751197
16185,30.205858
16186,17.217302
16187,11.109999
16188,15.866613
16189,43.748891
16190,107.094046
16191,230.705025
16192,241.840523
16193,380.241474
16194,428.826180
16195,501.713308
16196,511.574605
16197,475.215278
16198,471.698978
16199,480.195757
16200,462.315896
16201,410.435664
16202,322.521034
16203,242.242387
16204,143.359921
16205,151.129813
16206,92.476717
16207,34.978466
16208,12.752555
16209,6.670676
16210,5.749134
16211,7.492164
16212,25.460975
16213,63.187782
16214,225.944569
16215,343.320289
16216,203.669353
16217,96.367110
16218,174.187465
16219,223.257398
16220,222.953458
16221,220.897674
16222,242.497178
16223,386.297331
16224,555.814419
16225,557.872397
16226,388.737290
16227,233.123614
16228,174.582691
16229,120.807620
16230,78.861364
16231,31.403740
16232,13.490220
16233,8.448749
16234,6.681233
16235,6.736501
16236,26.999578
16237,119.949996
16238,394.320121
16239,608.789264
16240,333.351239
16241,165.397411
16242,182.212101
16243,234.791749
16244,228.724544
16245,219.075661
16246,222.643591
16247,367.281248
16248,559.824910
16249,541.873851
16250,397.836757
16251,254.175691
16252,203.636339
16253,141.620178
16254,84.476686
16255,37.180851
16256,18.389574
16257,10.752754
16258,7.326221
16259,7.855805
16260,28.884609
16261,121.224791
16262,405.090983
16263,591.754581
16264,344.853037
16265,169.130404
16266,189.291740
16267,234.254264
16268,234.065968
16269,215.103886
16270,226.511574
16271,358.714407
16272,561.976328
16273,538.673487
16274,389.599044
16275,272.878367
16276,192.513900
16277,139.951995
16278,102.105393
16279,49.635984
16280,25.109807
16281,15.267968
16282,9.093167
16283,9.265490
16284,28.117012
16285,111.466753
16286,368.549682
16287,609.749707
16288,375.486454
16289,207.598721
16290,248.826450
16291,295.383522
16292,317.066580
16293,302.544451
16294,317.752988
16295,441.914584
16296,581.797149
16297,484.646608
16298,383.140404
16299,227.802613
16300,193.848449
16301,139.413877
16302,120.303097
16303,90.632429
16304,68.657178
16305,50.572428
16306,24.236229
16307,10.217601
16308,10.819559
16309,24.129609
16310,49.606742
16311,127.923644
16312,222.495592
16313,318.670333
16314,398.429113
16315,456.412128
16316,493.686158
16317,491.617984
16318,479.238245
16319,414.934925
16320,353.304990
16321,299.956171
16322,241.513992
16323,188.487203
16324,157.067727
16325,139.812301
16326,105.522823
16327,84.849173
16328,79.115509
16329,55.067744
16330,27.863060
16331,10.292003
16332,9.953193
16333,17.539150
16334,40.634726
16335,97.902369
16336,172.671172
16337,272.315186
16338,347.141917
16339,420.178050
16340,398.023412
16341,401.443588
16342,433.887367
16343,332.550382
16344,292.028273
16345,257.379570
16346,198.780119
16347,177.933902
16348,136.357199
16349,94.261772
16350,69.936386
16351,33.621897
16352,16.082390
16353,10.266030
16354,7.366332
16355,8.522253
16356,30.964094
16357,125.773196
16358,376.395421
16359,544.474438
16360,324.843241
16361,165.761037
16362,183.507112
16363,225.246404
16364,259.382400
16365,243.201422
16366,258.434777
16367,382.151938
16368,625.010417
16369,549.892846
16370,412.161641
16371,253.988110
16372,194.679985
16373,130.507858
16374,81.630612
16375,28.878849
16376,14.276905
16377,8.617066
16378,6.683704
16379,8.022896
16380,29.455033
16381,131.074896
16382,408.867088
16383,612.011380
16384,343.471158
16385,181.987895
16386,203.089366
16387,242.111253
16388,246.095595
16389,234.367474
16390,258.663576
16391,374.086603
16392,590.880384
16393,565.496059
16394,418.188154
16395,250.059255
16396,204.812788
16397,144.039591
16398,88.493988
16399,29.551482
16400,13.802407
16401,8.154881
16402,6.105393
16403,6.580546
16404,26.206640
16405,117.231965
16406,364.490082
16407,527.766862
16408,316.369231
16409,173.434816
16410,200.691145
16411,270.925877
16412,261.155732
16413,249.308126
16414,261.357958
16415,381.735855
16416,561.536238
16417,577.560503
16418,391.743295
16419,250.277071
16420,200.632130
16421,143.911432
16422,89.749416
16423,44.656130
16424,34.384780
16425,21.089093
16426,12.472423
16427,7.151994
16428,9.977837
16429,25.190849
16430,52.957976
16431,110.458137
16432,151.399688
16433,236.935516
16434,296.258292
16435,343.492577
16436,346.197933
16437,347.757963
16438,340.758438
16439,288.841617
16440,243.262482
16441,188.133070
16442,140.015774
16443,132.063031
16444,120.534762
16445,87.636893
16446,59.847857
16447,38.388888
16448,19.158891
16449,11.069160
16450,5.990396
16451,6.603691
16452,18.468591
16453,65.841805
16454,213.044130
16455,361.001533
16456,261.590248
16457,186.953389
16458,240.646187
16459,303.083599
16460,308.731321
16461,312.395482
16462,328.612874
16463,398.677888
16464,501.907585
16465,404.335947
16466,310.004823
16467,219.647610
16468,179.748215
16469,133.237320
16470,111.019781
16471,91.409234
16472,55.827031
16473,38.900295
16474,18.753361
16475,8.097174
16476,8.048981
16477,17.721066
16478,36.026629
16479,89.857392
16480,151.754501
16481,216.935990
16482,259.050695
16483,267.199557
16484,311.581622
16485,294.546132
16486,283.924781
16487,251.567257
16488,179.342453
16489,155.368785
16490,129.860992
16491,100.099522
16492,89.142501
16493,79.175798
16494,70.334929
16495,63.253471
16496,56.105046
16497,41.644357
16498,20.315514
16499,7.534181
16500,7.374124
16501,11.757886
16502,26.796260
16503,61.176056
16504,125.929573
16505,194.923826
16506,229.542416
16507,259.298784
16508,254.584322
16509,275.299083
16510,271.942354
16511,251.893454
16512,178.955738
16513,143.879366
16514,113.625988
16515,95.887467
16516,83.363903
16517,58.153206
16518,38.975482
16519,22.338414
16520,10.669771
16521,6.636390
16522,4.701060
16523,5.655806
16524,21.246770
16525,80.988134
16526,298.103593
16527,443.996298
16528,281.586996
16529,157.067186
16530,190.987566
16531,253.699336
16532,248.328015
16533,229.885699
16534,243.524173
16535,364.595152
16536,565.593062
16537,479.821603
16538,356.648974
16539,225.375196
16540,169.623158
16541,105.798546
16542,64.710454
16543,24.293707
16544,12.266884
16545,8.247744
16546,5.041101
16547,5.454187
16548,24.677197
16549,101.212476
16550,203.876683
16551,309.441508
16552,288.371804
16553,74.823269
16554,61.584990
16555,53.384094
16556,66.969668
16557,52.938236
16558,151.562637
16559,256.546401
16560,367.782338
16561,340.512790
16562,320.650015
16563,184.954379
16564,127.375582
16565,94.317826
16566,63.739908
16567,28.677253
16568,13.592926
16569,8.786656
16570,6.544796
16571,6.980246
16572,27.327905
16573,113.824036
16574,386.025117
16575,584.547505
16576,341.390079
16577,171.952633
16578,186.053111
16579,221.116917
16580,227.836978
16581,207.265538
16582,218.445042
16583,357.515263
16584,557.243323
16585,516.658158
16586,406.136079
16587,260.233177
16588,190.582807
16589,132.494706
16590,86.202118
16591,38.083691
16592,16.339429
16593,8.977653
16594,6.540691
16595,24.978325
16596,103.739629
16597,363.597877
16598,550.547688
16599,330.029630
16600,163.477628
16601,200.284780
16602,245.457777
16603,238.507259
16604,214.964862
16605,219.717811
16606,365.771685
16607,555.509439
16608,515.588412
16609,380.839642
16610,244.384838
16611,168.286418
16612,123.255953
16613,101.171737
16614,50.720461
16615,24.170551
16616,13.761623
16617,7.849178
16618,7.222909
16619,24.211934
16620,89.306491
16621,312.507749
16622,496.478411
16623,337.662855
16624,191.191038
16625,233.428358
16626,277.553796
16627,283.072058
16628,269.566881
16629,303.803317
16630,427.991787
16631,571.225361
16632,472.018462
16633,373.552730
16634,227.683541
16635,174.371058
16636,139.904482
16637,101.217971
16638,92.429781
16639,75.189430
16640,52.880085
16641,24.091354
16642,11.111999
16643,10.740101
16644,24.269000
16645,45.684621
16646,114.216690
16647,144.092137
16648,248.302117
16649,330.905962
16650,336.810420
16651,372.998296
16652,380.223792
16653,417.280272
16654,377.409537
16655,293.185661
16656,278.612543
16657,219.981845
16658,192.497697
16659,143.182894
16660,131.057637
16661,118.559248
16662,86.976125
16663,80.336799
16664,58.883053
16665,30.075936
16666,11.681829
16667,10.768264
16668,16.912828
16669,37.489601
16670,93.795843
16671,151.893779
16672,274.286353
16673,304.995980
16674,349.692405
16675,423.723784
16676,471.200124
16677,458.295396
16678,412.223396
16679,187.369738
16680,312.869310
16681,198.435015
16682,190.184962
16683,165.283048
16684,121.268392
16685,83.082403
16686,40.921709
16687,20.278531
16688,12.751405
16689,7.222949
16690,9.152317
16691,28.579520
16692,137.122679
16693,416.096113
16694,656.008581
16695,370.278721
16696,207.876723
16697,239.727308
16698,301.048641
16699,303.662461
16700,300.260559
16701,317.895748
16702,480.431483
16703,758.241132
16704,717.482704
16705,544.744082
16706,312.867470
16707,229.873900
16708,155.459195
16709,100.537800
16710,39.398302
16711,19.120323
16712,10.960606
16713,7.479751
16714,8.475650
16715,35.532139
16716,136.353976
16717,490.070423
16718,710.244426
16719,402.269013
16720,207.833210
16721,237.397734
16722,303.232232
16723,290.523467
16724,273.238336
16725,309.413113
16726,456.285530
16727,767.733730
16728,744.265530
16729,547.922683
16730,367.971034
16731,274.396459
16732,193.027703
16733,122.808750
16734,49.843384
16735,22.778783
16736,13.479137
16737,8.868464
16738,8.717369
16739,35.686767
16740,119.346760
16741,322.772066
16742,708.160235
16743,388.428123
16744,207.644875
16745,233.625886
16746,286.312782
16747,289.317501
16748,276.535625
16749,292.728798
16750,415.839614
16751,678.805771
16752,649.246421
16753,443.240965
16754,255.223231
16755,194.431147
16756,136.216213
16757,87.409146
16758,40.881228
16759,18.718151
16760,10.319794
16761,6.576545
16762,6.406006
16763,25.030232
16764,108.402879
16765,371.348552
16766,579.036412
16767,346.303872
16768,154.821929
16769,177.681125
16770,231.638547
16771,232.193681
16772,206.968017
16773,231.623547
16774,366.126557
16775,546.842541
16776,500.509359
16777,387.819292
16778,213.577448
16779,162.326002
16780,127.018512
16781,94.762241
16782,51.321947
16783,24.211659
16784,15.137971
16785,8.100284
16786,8.017818
16787,26.402120
16788,103.944948
16789,202.960576
16790,551.239197
16791,344.893130
16792,190.901696
16793,209.330054
16794,249.320510
16795,265.271917
16796,237.837534
16797,246.675259
16798,382.139145
16799,538.377108
16800,476.644797
16801,363.791104
16802,110.268807
16803,155.338896
16804,124.144540
16805,112.411870
16806,78.967566
16807,70.546958
16808,55.886497
16809,25.984913
16810,11.275120
16811,11.111143
16812,25.586642
16813,52.157561
16814,140.947300
16815,200.979142
16816,295.773957
16817,311.519910
16818,299.407785
16819,325.506618
16820,252.956548
16821,413.470007
16822,390.271682
16823,273.307636
16824,262.874279
16825,220.390926
16826,165.247654
16827,145.214235
16828,131.277483
16829,118.816175
16830,102.999416
16831,94.249973
16832,70.709090
16833,34.244396
16834,11.768442
16835,11.004685
16836,15.342392
16837,29.579970
16838,62.015033
16839,160.192548
16840,230.755266
16841,240.204781
16842,290.736511
16843,247.504318
16844,293.473423
16845,130.941829
16846,126.349675
16847,112.704298
16848,100.453068
16849,90.822532
16850,75.678630
16851,125.161648
16852,54.115332
16853,43.562208
16854,20.151100
16855,16.323314
16856,11.282055
16857,7.712076
16858,9.001507
16859,32.568882
16860,127.320979
16861,345.731515
16862,506.075679
16863,284.357442
16864,157.164776
16865,77.059551
16866,77.211964
16867,76.061249
16868,175.609613
16869,209.608091
16870,313.770870
16871,545.996684
16872,439.995266
16873,503.050251
16874,269.522334
16875,187.952648
16876,150.491463
16877,94.724764
16878,26.226177
16879,17.893100
16880,10.220315
16881,5.359007
16882,7.018682
16883,21.300626
16884,115.941233
16885,386.838076
16886,581.534715
16887,339.251645
16888,179.286263
16889,180.516875
16890,201.241787
16891,235.384572
16892,220.744868
16893,231.168744
16894,374.771575
16895,558.443045
16896,553.272502
16897,423.567328
16898,263.610746
16899,204.872350
16900,135.701465
16901,89.767435
16902,35.219623
16903,15.394053
16904,9.686993
16905,6.917490
16906,7.118656
16907,29.385665
16908,116.701958
16909,386.213201
16910,586.582749
16911,343.500124
16912,167.463431
16913,179.905858
16914,239.364579
16915,231.635140
16916,214.658497
16917,221.090200
16918,350.117501
16919,518.156006
16920,510.237820
16921,384.217383
16922,243.233708
16923,177.781207
16924,133.137314
16925,88.870417
16926,38.818176
16927,17.990865
16928,10.877435
16929,6.966963
16930,7.295644
16931,27.319598
16932,119.101261
16933,378.190630
16934,580.921128
16935,347.040235
16936,170.509937
16937,193.656700
16938,240.270532
16939,244.208755
16940,221.040912
16941,234.179086
16942,367.353634
16943,554.442678
16944,540.718787
16945,400.749297
16946,263.191509
16947,197.325273
16948,135.428458
16949,104.221353
16950,43.930636
16951,21.527815
16952,12.715862
16953,7.734061
16954,7.668117
16955,25.682348
16956,89.487186
16957,322.254663
16958,548.082228
16959,363.895095
16960,175.813861
16961,224.232949
16962,289.359101
16963,279.555262
16964,282.782839
16965,295.969128
16966,417.326797
16967,548.675659
16968,510.123404
16969,393.065324
16970,230.677760
16971,175.745069
16972,133.853749
16973,120.402982
16974,93.330873
16975,71.960605
16976,53.833525
16977,24.410884
16978,10.150722
16979,10.974527
16980,22.705864
16981,45.313311
16982,124.029671
16983,196.547293
16984,315.436581
16985,392.600865
16986,440.302880
16987,428.556634
16988,446.644140
16989,490.833959
16990,415.560792
16991,363.106522
16992,313.715866
16993,251.245843
16994,198.325681
16995,183.489885
16996,161.853784
16997,128.603161
16998,100.226816
16999,55.440381
17000,55.832070
17001,28.022900
17002,10.990202
17003,10.311667
17004,17.259312
17005,43.281803
17006,102.258002
17007,174.438289
17008,266.742593
17009,286.641646
17010,340.589204
17011,362.107367
17012,358.867749
17013,327.059597
17014,313.833630
17015,269.904423
17016,127.731204
17017,169.901724
17018,168.663631
17019,130.366848
17020,103.899628
17021,69.112139
17022,33.572715
17023,17.316832
17024,10.620755
17025,7.154101
17026,7.097715
17027,31.916722
17028,120.339682
17029,377.010761
17030,612.696811
17031,347.161850
17032,168.286712
17033,167.971824
17034,186.457831
17035,186.570694
17036,177.857189
17037,198.904391
17038,157.889160
17039,410.662946
17040,458.742584
17041,417.612855
17042,222.249791
17043,190.903697
17044,132.960456
17045,48.287745
17046,36.426503
17047,18.850854
17048,11.164748
17049,7.146341
17050,8.348023
17051,34.479983
17052,129.353613
17053,398.690685
17054,642.065037
17055,359.239498
17056,200.097388
17057,241.492217
17058,163.430884
17059,289.566302
17060,251.613666
17061,262.056320
17062,399.122149
17063,591.205892
17064,582.514830
17065,425.611300
17066,257.832869
17067,216.177136
17068,145.552061
17069,96.654448
17070,33.429828
17071,16.102046
17072,9.911204
17073,6.761484
17074,7.263347
17075,29.433009
17076,108.274390
17077,380.125376
17078,574.725941
17079,339.775577
17080,177.275567
17081,212.144496
17082,254.476034
17083,271.146949
17084,247.349426
17085,258.893063
17086,386.802815
17087,575.527895
17088,554.827357
17089,413.455368
17090,273.892909
17091,198.030145
17092,159.112386
17093,98.790449
17094,43.584570
17095,19.693456
17096,10.909807
17097,7.561184
17098,7.754623
17099,28.578424
17100,121.689036
17101,392.996180
17102,594.861793
17103,354.161063
17104,176.171656
17105,187.751590
17106,245.010638
17107,237.239381
17108,216.712173
17109,216.725526
17110,331.209474
17111,523.285984
17112,483.424325
17113,213.350441
17114,117.968269
17115,91.226451
17116,60.555907
17117,46.377401
17118,33.850695
17119,21.030077
17120,12.254417
17121,7.583253
17122,6.786686
17123,20.410844
17124,82.562854
17125,312.164132
17126,535.554641
17127,327.574987
17128,180.676347
17129,204.215199
17130,236.639001
17131,231.812014
17132,218.875779
17133,220.395469
17134,342.471314
17135,450.953107
17136,373.656235
17137,299.627568
17138,165.700030
17139,129.329059
17140,104.051758
17141,90.065153
17142,49.517904
17143,40.716325
17144,31.866359
17145,13.899014
17146,6.262831
17147,6.121010
17148,12.787415
17149,26.182729
17150,73.922700
17151,126.780767
17152,174.949592
17153,211.037625
17154,236.320178
17155,249.468209
17156,244.591236
17157,230.109589
17158,213.441407
17159,155.967568
17160,125.628819
17161,96.544846
17162,81.897386
17163,69.352600
17164,62.080813
17165,54.012298
17166,33.613424
17167,30.566294
17168,22.260934
17169,11.893780
17170,4.483451
17171,4.290936
17172,6.545868
17173,14.986569
17174,36.282797
17175,79.976377
17176,120.716606
17177,144.831241
17178,204.792669
17179,206.753907
17180,209.842370
17181,210.799984
17182,201.827301
17183,141.800995
17184,110.647561
17185,87.318130
17186,73.265556
17187,54.880924
17188,39.226568
17189,30.564881
17190,15.185303
17191,7.626247
17192,4.442673
17193,3.188121
17194,13.705883
17195,53.092463
17196,184.403080
17197,318.091386
17198,217.221707
17199,111.592728
17200,109.672470
17201,143.981843
17202,67.646195
17203,59.994308
17204,59.365015
17205,105.375534
17206,167.278789
17207,159.852949
17208,187.701420
17209,65.775798
17210,47.125152
17211,58.859524
17212,28.575097
17213,15.509053
17214,17.872567
17215,12.517838
17216,4.844495
17217,6.850550
17218,15.511538
17219,34.994785
17220,76.086061
17221,96.861786
17222,159.643194
17223,174.769145
17224,194.576772
17225,269.071354
17226,250.537227
17227,212.841306
17228,209.592709
17229,169.094343
17230,152.070534
17231,119.022011
17232,109.240853
17233,94.040243
17234,72.186635
17235,48.623066
17236,21.798253
17237,9.801551
17238,6.593094
17239,4.419912
17240,3.871733
17241,14.988888
17242,62.940550
17243,115.013068
17244,183.246906
17245,123.164767
17246,52.975917
17247,46.586693
17248,64.626911
17249,62.925259
17250,57.984410
17251,55.772831
17252,101.068873
17253,137.608370
17254,143.863372
17255,137.583015
17256,65.324971
17257,86.933134
17258,28.162245
17259,26.826795
17260,16.302167
17261,8.488672
17262,6.536389
17263,4.628832
17264,4.120557
17265,17.111451
17266,60.586526
17267,225.626324
17268,369.759496
17269,266.832568
17270,134.106729
17271,154.450555
17272,185.975271
17273,183.791010
17274,142.872363
17275,161.232999
17276,261.504311
17277,352.824585
17278,307.319870
17279,237.795861
17280,139.106169
17281,104.019244
17282,76.452326
17283,59.742312
17284,40.706438
17285,21.256853
17286,12.513022
17287,7.501520
17288,6.331235
17289,18.866054
17290,69.037193
17291,226.436004
17292,424.678986
17293,335.520734
17294,189.902256
17295,226.308979
17296,274.137760
17297,271.907493
17298,261.530930
17299,277.766043
17300,370.434451
17301,399.660987
17302,333.809610
17303,254.622995
17304,133.665368
17305,110.948906
17306,85.079876
17307,70.427514
17308,54.832809
17309,46.758575
17310,36.406627
17311,16.292597
17312,6.872947
17313,6.979180
17314,15.257591
17315,30.186675
17316,74.853903
17317,131.856672
17318,115.208583
17319,99.320339
17320,106.406089
17321,107.616484
17322,190.118542
17323,196.576699
17324,225.200299
17325,154.126563
17326,152.283874
17327,130.370154
17328,92.785239
17329,87.444266
17330,77.919268
17331,70.894972
17332,53.543096
17333,45.971101
17334,35.825359
17335,17.995015
17336,6.747172
17337,6.278728
17338,9.309933
17339,22.014727
17340,53.478081
17341,115.403843
17342,195.205444
17343,231.061369
17344,259.220476
17345,266.115213
17346,271.051410
17347,249.665315
17348,225.371924
17349,160.170704
17350,132.044759
17351,129.411042
17352,89.115525
17353,71.638888
17354,51.831889
17355,37.355211
17356,21.014787
17357,10.523398
17358,6.823377
17359,4.509510
17360,4.924429
17361,17.314979
17362,70.631638
17363,248.237709
17364,396.653455
17365,277.616152
17366,132.947435
17367,145.606046
17368,181.293664
17369,194.188628
17370,187.013977
17371,190.730993
17372,290.623668
17373,414.165839
17374,394.563150
17375,293.925785
17376,172.032642
17377,126.056899
17378,87.616916
17379,60.359012
